DROP DATABASE IF EXISTS film_comment_system;
-- 创建数据库
CREATE DATABASE IF NOT EXISTS film_comment_system CHARACTER SET utf8mb4 COLLATE utf8mb4_general_ci;

-- 使用该数据库
USE film_comment_system;

-- 创建电影分类表
CREATE TABLE category (
    id INT AUTO_INCREMENT PRIMARY KEY COMMENT '分类ID',
    name VARCHAR(10) COMMENT '分类名称'
);

-- 创建电影信息表
CREATE TABLE film (
    id INT AUTO_INCREMENT PRIMARY KEY COMMENT '电影ID',
    name VARCHAR(100) NOT NULL COMMENT '电影名称',
    cover VARCHAR(500) COMMENT '封面',
    descr TEXT COMMENT '描述',
    year INT COMMENT '年份',
    director VARCHAR(40) COMMENT '导演',
    actors VARCHAR(300) COMMENT '演员',
    category_id INT COMMENT '分类ID',
    country VARCHAR(10) COMMENT '国家',
    language VARCHAR(8) COMMENT '语言',
    date DATE COMMENT '上映日期',
    duration VARCHAR(10) COMMENT '片长（分钟）',
    score DECIMAL(3,1) COMMENT '评分',
    FOREIGN KEY (category_id) REFERENCES category(id)
);

-- 创建用户信息表
CREATE TABLE user (
    id INT AUTO_INCREMENT PRIMARY KEY COMMENT '用户ID',
    username VARCHAR(20) NOT NULL COMMENT '用户名/账号',
    password VARCHAR(255) NOT NULL COMMENT '密码',
    name VARCHAR(20) COMMENT '名称',
    avatar VARCHAR(120) COMMENT '头像',
    role ENUM('USER', 'ADMIN') DEFAULT 'USER' COMMENT '角色',
    salt VARCHAR(50) COMMENT '盐值',
    CONSTRAINT unique_username UNIQUE (username)
);

-- 创建管理员信息表
CREATE TABLE admin (
    id INT AUTO_INCREMENT PRIMARY KEY COMMENT '管理员ID',
    username VARCHAR(20) NOT NULL COMMENT '用户名/账号',
    password VARCHAR(255) NOT NULL COMMENT '密码',
    name VARCHAR(20) COMMENT '名称',
    avatar VARCHAR(120) COMMENT '头像',
    role ENUM('USER', 'ADMIN') DEFAULT 'ADMIN' COMMENT '角色',
    salt VARCHAR(50) COMMENT '盐值',
		CONSTRAINT unique_username UNIQUE (username)
);


-- 创建电影评论表
CREATE TABLE comment (
    `id` int(11) NOT NULL AUTO_INCREMENT COMMENT 'ID',
    `film_id` int(11) DEFAULT NULL COMMENT '电影ID',
    `score` double(11,1) DEFAULT NULL COMMENT '评分',
    `comment` longtext COLLATE utf8mb4_unicode_ci COMMENT '评论内容',
    `user_id` int(11) DEFAULT NULL COMMENT '用户ID',
    `time` varchar(30) COLLATE utf8mb4_unicode_ci DEFAULT NULL COMMENT '评论时间',
    `type` varchar(30) COLLATE utf8mb4_unicode_ci DEFAULT NULL COMMENT '类型',
    PRIMARY KEY (`id`),
    FOREIGN KEY (film_id) REFERENCES film(id),
    FOREIGN KEY (user_id) REFERENCES user(id)
) ENGINE=InnoDB DEFAULT CHARSET=utf8mb4 COLLATE=utf8mb4_unicode_ci;

-- 创建公告表
CREATE TABLE notice (
    id INT AUTO_INCREMENT PRIMARY KEY COMMENT '公告ID',
    title VARCHAR(100) COMMENT '标题',
    content TEXT COMMENT '内容',
    time DATETIME COMMENT '发布时间'
);
CREATE INDEX idx_film_category_id ON film(category_id);
CREATE INDEX idx_comment_film_id ON comment(film_id);
CREATE INDEX idx_comment_user_id ON comment(user_id);


INSERT INTO `category` VALUES (1, '喜剧');
INSERT INTO `category` VALUES (2, '战争');
INSERT INTO `category` VALUES (3, '历史');
INSERT INTO `category` VALUES (4, '科幻');
INSERT INTO `category` VALUES (5, '动作');
INSERT INTO `category` VALUES (6, '恐怖');
INSERT INTO `category` VALUES (7, '爱情');
INSERT INTO `category` VALUES (8, '动画');
INSERT INTO `category` VALUES (9, '剧情');


INSERT INTO `film` VALUES (1, '凡间天使 Ordinary Angels ', 'http://localhost:9090/files/download/1721894575859-凡间天使.webp', '灵感来自于一个令人难以置信的真实故事：一位美发师单枪匹马地召集整个社区来帮助一位丧偶的父亲拯救他病危小女儿的生命。', '2024', ' 乔·戈恩', '希拉里·斯万克 / 阿兰·里奇森 / 艾米丽·米切尔 / 天行者·休斯 / 塔玛拉·琼斯 / 唐·迈克 / 瑞恩·艾伦 / 德鲁·鲍威尔 / 邓普斯·布瑞克 / 艾米·阿克 / 埃里克·阿塔瓦尔 / 沙龙·巴杰 / 黛安娜·博特尔奥-若班斯基 / DJ·布拉德森 / 大卫·劳伦斯·布朗 / 特里斯坦·卡尔鲁奇 / 劳利格·克莱门茨 / 格温多琳·柯林斯', 9, '美国', '英语', '2024-02-23', '116分钟', '2.7');
INSERT INTO `film` VALUES (2, '头脑特工队2 Inside Out 2 ', 'http://localhost:9090/files/download/1721897318957-头脑特工队2.webp', '影片讲述了刚步入青春期的小女孩莱莉脑海中的复杂情绪进行的一场奇妙冒险。在她的大脑总部，正经历着一场突如其来的大拆迁，为意想不到的新情绪腾出空间。一直以来配合默契的情绪小伙伴乐乐（艾米·波勒 Amy Poehler 配音）、忧忧（菲利丝·史密斯 Phyllis Smith 配音）、怒怒（刘易斯·布莱克 Lewis Black 配音）、怕怕（托尼·海尔 Tony Hale 配音）和厌厌（莉萨·拉皮拉 Liza Lapira 配音），在新情绪焦焦的突然到来时变得不知所措，并且她看起来不是孤身一人。', '2024', '凯尔西·曼', '艾米·波勒 / 玛雅·霍克 / 肯辛顿·托尔曼 / 莉萨·拉皮拉 / 托尼·海尔 / 刘易斯·布莱克 / 菲利丝·史密斯 / 阿尤·艾德维利 / 莉莉玛 / 格蕾丝·陆 / 苏梅亚·努里丁-格林 / 阿黛尔·艾克萨勒霍布洛斯 / 保罗·沃尔特·豪泽 / 朱恩·斯奎布 / 戴安·琳恩 / 凯尔·麦克拉克伦 / 伊薇特·尼科尔·布朗 / 罗恩·芬奇斯 / 詹姆士·奥斯汀·约翰逊 / 叶永 / 史蒂夫·波赛尔', 8, '美国', '英语', '2024-06-14', '100分钟', '2.5');
INSERT INTO `film` VALUES (3, '机器人之梦 Robot Dreams', 'http://localhost:9090/files/download/1721897462531-机器人之梦.webp', '一只孤独的小狗遇到了一个机器人，偌大的城市中，他们互相依靠，温暖彼此。然而一次意外让小狗和机器人遗憾错过，从此他们只能把对彼此的想念藏进梦中。只是，反复梦见的人，还会重逢吗？\n　　影片改编自Sara Varon的漫画。', '2023', '巴勃罗·贝格尔', '伊万·拉班达 / 阿尔伯特·特里佛·塞加拉 / 拉法·卡尔沃 / 何塞·加西亚·托斯 / 何塞·路易斯·梅地亚维拉 / 加西埃拉·莫利娜 / 埃斯特·索兰斯', 8, '西班牙 / 法国', '无对白', '2023-12-06', '102分钟', '4.7');
INSERT INTO `film` VALUES (4, '神偷奶爸4 Despicable Me 4', 'http://localhost:9090/files/download/1721897598128-神偷奶爸4.webp', '格鲁（史蒂夫·卡瑞尔 Steve Carell 配音）和露西（克里斯汀·韦格 Kristen Wiig 配音）一家即将展开家庭生活的新篇章，迎接新成员“迷你格鲁”，而这个小宝宝也会用尽方法折磨格鲁这个新手老爸。新反派恶霸麦斯（威尔·法瑞尔 Will Ferrell 配音）和他既致命危险又美丽性感的女友华伦天娜（索菲娅·维加拉 Sofía Vergara 配音）来势汹汹，格鲁一家面临未知危险。此时，全新超级小黄人重磅亮相，成为帮助格鲁一家度过这次危机的“秘密武器”。一场惊险刺激、笑料百出的全新冒险即将展开。', '2024', '克里斯·雷纳德 / 帕特里克·德拉吉', '史蒂夫·卡瑞尔 / 克里斯汀·韦格 / 皮埃尔·柯芬 / 乔伊·金 / 威尔·法瑞尔 / 索菲娅·维加拉 / 克里斯·雷纳德 / 麦迪逊·波兰 / 达纳·盖尔 / 米兰达·卡斯格拉夫 / 史蒂夫·库根 / 史蒂芬·科拜尔 / 克洛伊·菲内曼 / 约翰·迪·马吉欧 / 拉瑞恩·纽曼 / 布拉德·埃布尔森 / Eden Boulton / 凯茜·卡瓦蒂妮 / Will Collyer / Abby Craden', 1, '美国', '英语', '2024-07-03', '97分钟', '4.5');
INSERT INTO `film` VALUES (5, '你的名字。 君の名は。', 'http://localhost:9090/files/download/1721897785262-你的名字.webp', '　在远离大都会的小山村，住着巫女世家出身的高中女孩宫水三叶（上白石萌音 配音）。校园和家庭的原因本就让她充满烦恼，而近一段时间发生的奇怪事件，又让三叶摸不清头脑。不知从何时起，三叶在梦中就会变成一个住在东京的高中男孩。那里有陌生的同学和朋友，有亲切的前辈和繁华的街道，一切都是如此诱人而真实。另一方面，住在东京的高中男孩立花泷（神木隆之介 配音）则总在梦里来到陌生的小山村，以女孩子的身份过着全新的生活。许是受那颗神秘彗星的影响，立花和三叶在梦中交换了身份。他们以他者的角度体验着对方的人生，这期间有愤怒、有欢笑也有暖心。只是两人并不知道，身份交换的背后隐藏着重大而锥心的秘密……', '2016', '新海诚', '神木隆之介 / 上白石萌音 / 长泽雅美 / 市原悦子 / 成田凌 / 悠木碧 / 岛崎信长 / 石川界人 / 谷花音 / 寺杣昌纪 / 大原沙耶香 / 井上和彦 / 茶风林 / 加藤有花 / 花泽香菜 / 寺崎裕香', 7, '日本', '日语', '2016-08-26', '106分钟', '4.4');
INSERT INTO `film` VALUES (6, '沙丘2 Dune: Part Two', 'http://localhost:9090/files/download/1721897822309-沙丘2.webp', '《沙丘2》承接第一部剧情，讲述保罗·厄崔迪（提莫西·查拉梅 Timothée Chalamet 饰）被帕迪沙皇帝和哈克南人联手灭族后，在厄拉科斯星球遇到弗雷曼女战士契妮（赞达亚 Zendaya 饰）以及加入弗雷曼人后展开的传奇旅程。保罗与让他家破人亡的阴谋家们开战，同时面临着一生所爱与已知宇宙命运的两难选择。', '2024', ' 丹尼斯·维伦纽瓦', '提莫西·查拉梅 / 赞达亚 / 丽贝卡·弗格森 / 哈维尔·巴登 / 乔什·布洛林 / 奥斯汀·巴特勒 / 弗洛伦丝·皮尤 / 戴夫·巴蒂斯塔 / 克里斯托弗·沃肯 / 蕾雅·赛杜 / 斯特兰·斯卡斯加德 / 夏洛特·兰普林 / 安雅·泰勒-乔伊 / 索海拉·雅各布 / 巴布斯·奥卢桑莫昆 / 袁之正 / 艾莉森·霍尔斯特德 / 朱西·梅里 / 凯特·泰森 / 塔拉·布雷思纳克 / Akiko Hitomi', 5, '美国 / 加拿大', '英语', '2024-03-01', '166分钟', '3.1');
INSERT INTO `film` VALUES (7, '疯狂的麦克斯：狂暴女神 Furiosa: A Mad Max Saga', 'http://localhost:9090/files/download/1721898011046-疯狂的麦克斯：狂暴女神.webp', '影片讲述了复仇女神弗瑞奥萨（安雅·泰勒-乔伊 Anya Taylor-Joy 饰）惊心动魄的成长史。年轻的弗瑞奥萨从原本的家园被掠走，落入军阀狄门特斯（克里斯·海姆斯沃斯 Chris Hemsworth 饰）领导的帮派手中，在穿过荒原时，他们来到不死老乔（拉黑·休姆 Lachy H ulme 饰）所掌管的堡垒。在两位暴君争夺统治地位的同时，弗瑞奥萨必须在重重考验中活下来，并想方设法寻找回家的路；她也逐渐成长为利落酷飒的狂暴女神。', '2024', '乔治·米勒', '安雅·泰勒-乔伊 / 克里斯·海姆斯沃斯 / 汤姆·伯克 / 艾莉拉·布朗 / 乔治·谢夫佐夫 / 拉黑·休姆 / 约翰·霍华德 / 安格斯·桑普森 / 查理·弗雷泽 / 埃尔莎·帕塔奇 / 内森·琼斯 / 乔什·赫尔曼 / 大卫·菲尔德 / 拉赫尔·罗曼 / 戴维·科林斯 / 戈兰·D·克鲁特 / CJ·布隆菲尔德 / 马图斯 / 伊恩·罗伯茨', 4, '澳大利亚 / 美国', '英语', '2024-05-24', '148分钟', '3.2');

INSERT INTO user (username, password, name, avatar, role, salt) VALUES 
('user1', '111', '张三', '/path/to/avatar1.jpg', 'USER', 'salt1'),
('user2', '222', '李四', '/path/to/avatar2.jpg', 'USER', 'salt2'),
('user3', '333', '王五', '/path/to/avatar3.jpg', 'USER', 'salt3'),
('user4', 'hashed_password4', '赵六', '/path/to/avatar4.jpg', 'USER', 'salt4'),
('user5', 'hashed_password5', '孙七', '/path/to/avatar5.jpg', 'USER', 'salt5'),
('user6', 'hashed_password6', '周八', '/path/to/avatar6.jpg', 'USER', 'salt6'),
('user7', 'hashed_password7', '吴九', '/path/to/avatar7.jpg', 'USER', 'salt7'),
('user8', 'hashed_password8', '郑十', '/path/to/avatar8.jpg', 'USER', 'salt8'),
('user9', 'hashed_password9', '钱十一', '/path/to/avatar9.jpg', 'USER', 'salt9'),
('user10', 'hashed_password10', '刘十二', '/path/to/avatar10.jpg', 'USER', 'salt10');
INSERT INTO admin (username, password, name, avatar, role, salt) VALUES 
('admin', 'admin', '管理员一', '/path/to/adminAvatar1.jpg', 'ADMIN', 'adminSalt1'),
('admin2', 'hashed_password2', '管理员二', '/path/to/adminAvatar2.jpg', 'ADMIN', 'adminSalt2'),
('admin3', 'hashed_password3', '管理员三', '/path/to/adminAvatar3.jpg', 'ADMIN', 'adminSalt3');



INSERT INTO `comment` (`id`, `film_id`, `score`, `comment`, `user_id`, `time`, `type`) VALUES (1, 7, 4, '于男人的下腹滋长出象征新生的桃树，用结成的果实立下解放女人的誓约，即便是在混沌狂乱的废土，父权依然可以被这样体无完肤地解构，酣畅淋漓', 1, '2024-07-26 10:26:28', '短评');
INSERT INTO `comment` (`id`, `film_id`, `score`, `comment`, `user_id`, `time`, `type`) VALUES (2, 7, 4, '3.5，担心Anya台词太多破坏节奏，所以让锤哥废话连篇吗？文戏太多，Fury Road那种“只要干不死就往死里干”的精神全无，儿女情长扯太多了，我要看Furiosa把我辣死，不是要看她怎么变辣的。结尾那个Fury Road混剪更是告诉大家前作更精彩。卡司一样降级，这部的所有男人加起来都抵不过一个汤老湿，Anya虽然很努力但塞皇是神。', 2, '2024-07-26 10:26:28', '短评');
INSERT INTO `comment` (`id`, `film_id`, `score`, `comment`, `user_id`, `time`, `type`) VALUES (3, 7, 4, '<div id=\"link-report-15949912\">\r\n      <div class=\"review-content clearfix\" data-author=\"ROCKATANSKY\" data-url=\"https://movie.douban.com/review/15949912/\" data-original=\"1\">\r\n        <p data-align=\"left\">先从背景说起，好让一些人更能理解并接受“狂暴女神”的不同：</p><p data-align=\"left\">还记得吗？当年“疯狂的麦克斯：狂暴之路”虽然得到很高的赞誉，但也有不少人批评毫无人物情节。有很多人把“疯狂的麦克斯”系列当作无脑爽片看，但其实不是。你能在银幕上看到的一切都有其存在意义和背后的故事。虽然追车戏一直是该系列最大亮点，但从第二部开始此系列就是对约瑟夫·坎贝尔神话哲学的重构。</p><p data-align=\"left\">1979年，第一部“疯狂的麦克斯”上映并获得了巨大的成功，以40万澳币的成本却在全球获得一亿美元的收益，一度成为吉尼斯纪录盈利最高的电影。导演以及系列的开创者乔治·米勒很意外他的作品所获得的成功。他当时拍完后感到有很多不足，甚至觉得没人会愿意看。在他研究作品成功的原因后，他发现并意识到自己无意间触及到了人类叙事中存在的原型/母题，坎贝尔的神话哲学理论让他深受启发。原型是全人类共通的主题和符号，能跨国界、跨时代、跨文化，并早已在各种神话、童话、寓言和传说中展现出来表达人类潜意识对世界寻求的规律和渴望。随后他就在“疯狂的麦克斯2”吸取第一部的拍摄教训并精炼了叙事，运用了经典的英雄之旅结构，把麦克斯塑造成一种传说中的人物。</p><p data-align=\"left\">很多人熟悉的第四部，其实从2000年代末就设计成新三部曲的最后最高潮的部分：</p><p data-align=\"left\">狂暴之路是1997年就有构思，2001年就尝试去拍，结果经济危机导致成本流失难产。接着到2010年才重启项目，可是澳洲下大暴雨把拍摄地的沙漠变成绿洲，作品再次面临难产。直到过了两年，把拍摄地换成纳米比亚才开拍。（关于这片难产的历史有本书可以推荐: MAD MAX FURY ROAD: BLOOD, SWEAT, &amp; CHROME，或我也可以单独写一篇来介绍。）</p><div class=\"image-container image-float-center\"><div class=\"image-wrapper\"><img height=\"auto\" src=\"https://img3.doubanio.com/view/thing_review/l/public/p10729532.webp\" width=\"663\"></div><div class=\"image-caption-wrapper\"><div class=\"image-caption\">如果英文够好，喜欢这系列，强烈推荐此书</div></div></div><p data-align=\"left\">在这难产的期间，为了让“狂暴之路”全程追车的叙事非常流畅且有逻辑性，米勒和他的团队就为每个人物、每个车、每个道具都写了背景故事。因为写出来的素材非常多，他就和编剧Nico Lathouris写出了两部“狂暴之路”的前传，并把“狂暴之路”写成三部曲；一本是“狂暴女神”的剧本，另一本是有关麦克斯的短篇小说，也就是很多网友以为的暂命名的第五部“废土”。“狂暴女神”的故事时间跨度有18年，而“废土”则发生在“狂暴之路”的一年前。在2000年代底，最一开始策划的这个三部曲是跨媒介的：把“狂暴女神”拍成日本动画，和“EVA”制作组的前田真宏合作。麦克斯前传做成游戏，和“战神”系列的Cory Barlog合作。当时华纳觉得日本动漫没市场，推荐米勒不如拍真人，所以米勒在2010年时是准备把“狂暴女神”和“狂暴之路”背靠背一起拍。但最后因为“狂暴之路”过于难产以及他的“快乐的大脚2”的票房失利，华纳对此IP和米勒越发没信心所以三部曲的计划就被取消。“废土”游戏的前期开发设定则在没有米勒的参与下扔给了Avalanche公司，也就成为后来在2015年上市的同名游戏。此游戏包含了很多“狂暴之路“的废案，以及剧透了“废土”的故事。如果你玩过游戏、读过前传漫画，就知道为什么“狂暴之路”中麦克斯一开始精神状态会这么狼狈、身躯像一头野兽。贯穿全片的小女孩的意识流闪回你也应该知道是谁了。</p><p data-align=\"left\">所以“狂暴女神“的剧本其实已经存在十几年了，在拍”狂暴之路“前就已经创作好了。至少从2000年代底开始米勒就一直希望把“狂暴之路”做成三部曲，“狂暴之路“实际上只是这三部曲的第三幕高潮戏。三部曲全看完才更能完整理解整个史诗。</p><div class=\"image-container image-float-center\"><div class=\"image-wrapper\"><img height=\"auto\" src=\"https://img3.doubanio.com/view/thing_review/l/public/p10729453.webp\" width=\"1278\"></div><div class=\"image-caption-wrapper\"><div class=\"image-caption\">前田真宏本人和为狂暴女神画的设定稿</div></div></div><p data-align=\"left\">时间回到现在。“狂暴女神“终于在戛纳首映，看到有观众抱怨不够像前作一样一气呵成、爽快，可这部从一开始就不打算拍成同一种在公路不停歇的追车动作类型。影片的类型是“宾虚”式复仇史诗，追车戏不再是全部，而是部分。它参考更多的是“阿拉伯的劳伦斯”而非“关山飞渡”。如果你看过每一部“疯狂的麦克斯”，你会发现每部都有在做不同的叙事或类型的尝试。第一部是ozploitation（澳洲剥削片），第二部是经典英雄之旅，开创废土世界观的一作，第三部偏向冒险类，真正奠定废土美学的一部（当然它的叙事类型割裂也有客观原因的影响），第四部则全片就是一场大型追车戏。</p><p data-align=\"left\">“狂暴女神”和“狂暴之路”最大的不同就是在叙事上一部跨度长达十八年，一部只有三天。此片的叙事基调、节奏和主题其实更接近系列第二部甚至第一部，没有“狂暴之路”那种亢奋则是更加灰暗。这两部的创作方式挺不同，“狂暴之路”因为动作戏几乎不断、很难用文字描述动作，米勒就舍弃剧本，取而代之和两个画师画了三千五百张故事板。而“狂暴女神”是有剧本的，遵循着更传统的三幕剧。并且作为前传的属性该片的动作戏格局小些是合理的，世界观的构建和Furiosa怎么成为“狂暴之路”中的坚强战士才是关键。视听方面会削弱“狂暴之路”那种轰轰烈烈的爽快混乱感，更追求一种无情、直截了当的残酷来契合影片更灰暗的基调。镜头不那么碎，有更多中景和运动镜头。也给了更多时间来展现Furiosa的情绪，她的拼死一搏来自对生存的强烈渴求。也因此很多动作戏不再那么华丽，会放缓节奏。配乐也克制、低沉许多，情绪没那么高昂。有时动作戏会有在文戏之间的感觉，力图让观众感受到精心打造的世界观中的细节，比如在追逐中会看到废土中的人们如何组装摩托车来节省汽油能源、还有不同的武器和道具的运用方式。可以这么对比，“狂暴女神”跟“狂暴之路”的关系有点像“沙丘1”和“沙丘2”的关系，只不过“狂暴女神”是可以单独成立的作品。</p><p data-align=\"left\">前面提到从“疯狂的麦克斯2”开始该系列就深受坎贝尔神话哲学的影响，力图重构古典神话故事中的原型。米勒强调叙事是人类文明发展重要的一部分，和生存一样是人类原始的欲望。而“疯狂的麦克斯”系列的故事其实都是由影片中某个人物的口吻来传播的传说。麦克斯这角色是类似神话中的一种原型人物——具有孤狼人格的救助者。你能从日本武士、西部牛仔、维京海盗找到相似处。而在“狂暴之路”中最后看到的引用则来自系列中虚构的一个角色身份：历史之人。在废土，社会彻底崩溃、全球沙漠化，印刷技术不再存在，所以历史都是由历史之人去铭记、并把文字刻在他们的身上。“狂暴女神”也由历史之人的口吻如“奥德赛史诗”般分为五个章节道出Furiosa的身世和废土在这十八年的发展。影片的一些叙事处理有说书人和寓言故事即视感。如果留心些，你能注意到圣经似符号（伊甸园、果子），还有狄更斯（雾都孤儿）的影子。</p><div class=\"image-container image-float-center\"><div class=\"image-wrapper\"><img height=\"auto\" src=\"https://img1.doubanio.com/view/thing_review/l/public/p10729478.webp\" width=\"355\"></div><div class=\"image-caption-wrapper\"><div class=\"image-caption\">“狂暴之路”中出现的历史之人，在影片中她负责为不死老乔的五位妻子传递知识</div></div></div><p data-align=\"left\">在此作，Furiosa的复仇之旅和寻乡之路是和锥哥（克里斯·海姆斯沃斯）饰演反派Dr. Dementus在废土中的势力扩张是平行递进的。推动叙事的不再是类似由五个妻子所担当的麦格芬（麦格芬指在电影中可以推展剧情的物件、人物、或目标，例如一个众角色争夺的东西），而是Furiosa要学会如何在废土生存、做出艰难的选择，并能让她实现复仇和回乡的目的。情感出发点更私人，带来与“狂暴之路”不同的惊险和刺激。也让结局有了完全不同于“狂暴之路”的处理方式。</p><p data-align=\"left\">Furiosa在这部的人物弧是相反于“狂暴之路”的。她逐渐变得更加孤独，是不同于“狂暴之路”中重新找到希望跟其他人建立起信任关系，但也让她完美衔接成“狂暴之路”中的坚韧不拔的战士。安雅·泰勒·乔伊饰演的年轻Furiosa没有查理兹·塞隆版时期的那种硬气，气场是不同，可那是因为在片中她还在成长。直到最后一章你能在安雅身上看到蜕变、她的female rage，到影片尾声才接近塞隆的Furiosa那种坚韧。断臂情节的设计很巧妙：断臂前的左肢是很重要的故事细节。另外减去的头发也有其含义。据安雅的采访，头发一个是用来描写时间的流逝，还有就是象征她与她部落的联系。在装上假肢并剪掉头发变成大家熟悉的塞隆版造型后的她变得冰冷，这时的她不再有回头路，像个无法阻挡的机器。她的人物弧光到“狂暴之路”才完善，得到救赎。</p><p data-align=\"left\">安雅饰演的Furiosa全片很沉默、只有30句台词，但两位饰演Furiosa演员的眼神都非常传神，充满情绪力，不停在暗中观察着四周。在她水汪汪的大眼睛中能看到很多情绪波动，她和饰演十岁Furiosa的Alyla Browne的大部分表演都是靠眼睛来说话。她的沉默在我看来很合理。主要有三个理由：1. 为了生存，需要保持高度警惕和距离。沉默是她的力量（看了影片就更清楚她为何需要保持沉默）2. 和自我、性情奔放的Dementus形成张力和对比 3. 米勒对视听叙事的注重和偏好。这种沉默也让她的female rage和“狂暴之路”中的跪地呐喊变得更具悲剧性。</p><p data-align=\"left\">值得一提，影片中段有个花了78天200名特技演员拍摄的15分钟重要追车戏是pure cinema，玩出了和“狂暴之路”不同的创意和场面调度复杂性（以后可以单独分析）。不仅深抓巴斯特·基顿默片视觉语言的精髓，也完美展现Furiosa的生存技能：高强适应能力、她的足智多谋、还有她的勇敢。动作戏的设计是围绕着角色的欲望和动机展开，服务并深化世界观。成片的VFX特效比预告片好很多，调色也自然许多。虽然个别地方还是能看出CG感，但追车戏的质量毫不衰减。(这片在拍摄期间的好几个月有遇到澳洲少见的洪水和大暴雨，背景都是后期做的。另外值得一提，如果看过米勒的“三千年的渴望”就会发现这部有延续其视觉效果的审美，神话化和一点超现实。）</p><p data-align=\"left\">Dementus的灵感有来自罗马帝国的霸王（红色斗篷的戏服就能看出）或成吉思汗那样的游牧民族征服者，他不是不死老乔那样的暴君独裁者。和不死老乔死守自己的堡垒不同，他想不断扩张自己的势力，有很强的荣誉感。但和不死老乔一样，他们都是无法无天废土环境下的产物，不断正当化自己的残忍，甚至觉得自己是“弥赛亚”救世主（比如Dementus“节省资源”的那幕）。对于不死老乔，所有在堡垒的人都是他可以用来剥削的财产，他们都被烙印上他的印记。比如被洗脑的战争男孩们、成为血袋的麦克斯，他的妻子们都沦为生育工具，生育不行就被用来生产人奶。而Dementus则是觉得什么都可以掠夺占为己有。他把自己看作Furiosa的父亲，想改变Furiosa，不理解Furiosa对他的仇恨。不得不点赞下锥哥在这部中的表演，肢体语言很丰富，模仿海鸥烦人叫声的鼻腔、破碎的语言（如语法错误和莎士比亚式的演讲）、还有他爷爷备50年代澳洲播音员那种粗俗的澳洲口音带来了很强的扭曲戏虐感以及人格魅力。</p><p data-align=\"left\">除了上面两位主角，片中还出现了位重要新角色Tom Burke饰演的Praetorian Jack。他不只是Furiosa的导师，也让Furiosa的废土生存之旅有了更多的情感力度。他们的信任关系几乎都靠眼神来沟通。他有麦克斯的影子，呼应“狂暴之路”中她和麦克斯的人物关系。</p><p data-align=\"left\">在此作，酝酿已久的世界观的重要性也终于真正展现，充分描写废土的生态环境、阶级关系、政治斗争、还有人是怎么被废土环境所影响变化。你能看到在“狂暴之路”中简单提及的子弹农产和石油镇如何运作，还有不死老乔是怎么和Dementus斗争维护自己的帝国。你也更能看到底层人的被剥削后的恐怖。也只有看了这部才知道，为什么“狂暴之路”中Furiosa开的战车对该世界的经济有多么的重要。</p><p data-align=\"left\">“狂暴女神”是部自成一体的摇滚交响乐。它的章节式结构或许不那么灵巧，为了极繁主义的表达牺牲了点叙事效率，但它依旧是系列的一次充满野心的大胆尝试，也是融入最多神话学、世界观细节最丰富饱满的一部，并且让“狂暴之路”的文本细节变得更为丰富和完整。</p><p data-align=\"left\">米勒对细节的执着非常夸张。夸张到第二摄制组拍了些素材后，他全看了然后说安雅的头盔要再高一英寸，全重拍。他的废土世界如此令我着迷、如此令我惊叹。我还有很多想说的，特别是关于它的战车设计是如何延伸人物性格、美学和身份（如Furiosa在片中驾驶的好几辆车，每辆都有不同的质感，也是描写人物发展变化的一部分）。还有一些物件与符号的含义。以及一些道具是如何废物利用，并在故事中、在世界观中起到的作用（比如Dementus的小熊玩偶、他的斗篷等）。我会继续多看几遍，等国内上映后会再剧透更新聊下。</p>\r\n      </div>\r\n      \r\n\r\n\r\n        <div class=\"copyright\">\r\n          © 本文版权归作者&nbsp;          <a href=\"https://www.douban.com/people/280594899/\">ROCKATANSKY</a>          &nbsp;所有，任何形式转载请联系作者。\r\n        </div>\r\n    </div>', 3, '2024-07-26 10:26:28', '长评');
INSERT INTO `comment` (`id`, `film_id`, `score`, `comment`, `user_id`, `time`, `type`) VALUES (4, 6, 4, '当你深深爱着的人，深深爱上了政治，你就会像Zendaya一样，满脸写着愤懑和无奈🙄', 1, '2024-07-26 14:28:05', '短评');
INSERT INTO `comment` (`id`, `film_id`, `score`, `comment`, `user_id`, `time`, `type`) VALUES (6, 6, 4, '在王子复仇记的表面下，沙丘想表达的内核其实是在已知未来的情况下无力的看着自己做什么都无可避免的走向已知的无力和裹挟感，而且作为能看到最长远的人又无时无刻被身边普通人无法理解，但又无法摆脱需求所谓亲情爱情友情的人性所在，在于普通的人在被赋予非普通的能力和责任身份后与普通人的灵魂的矛盾，以及被命运胁迫的走向了不想走向的所谓最优解以及无可避免的被救世主的期望和神的身份所禁锢的无能为力，沙丘所想表达反救世主，对于宗教，宿命论，未来制度的种种思考，都是极为深刻和有普世价值的，而不应该被人们说成是可笑的科幻所谓未来世界却使用冷兵器的过时作品，他对未来制度和精神的想象和思考才是他科幻的真正体现，他也绝对不是披着科幻外衣下中世纪哈姆雷特式的王子复仇记太空歌舞剧一般这么简单收起', 2, '2024-07-26 14:29:48', '短评');
INSERT INTO `comment` (`id`, `film_id`, `score`, `comment`, `user_id`, `time`, `type`) VALUES (7, 6, 5, '沙丘美学算是被维伦纽瓦玩明白了。这次没想到的是被哈克南母星的建筑和审美追求折服了，无法用言语表达那种陌生而危险的美感：想象一下几万个伏地魔在人头攒动…查了一下原来作者就是有意将人们对哈克南家族的印象和苏联挂钩，所以我果然还是被苏式审美打动了orz', 3, '2024-07-26 14:29:58', '短评');
INSERT INTO `comment` (`id`, `film_id`, `score`, `comment`, `user_id`, `time`, `type`) VALUES (8, 6, 5, '<div id=\"link-report-15796669\">\r\n      <div class=\"review-content clearfix\" data-author=\"不翘二郎腿儿\" data-url=\"https://movie.douban.com/review/15796669/\" data-original=\"0\">\r\n        <p>全程站了2个半小时把电影看完了，不是因为精彩到要起立观看，是因为有坏人。</p><p>巨幕厅，日间场，观影人很少。我是倒数第四排过道位，隔五个座儿有个大哥，身后的倒数第三排有俩大姐，处于我正后方。影院最后三排除了这俩大姐，再无他人。</p><p>电影刚开场，身后俩大姐就开始对话，一人主议论，一人附议，不是私语，正常说话音量。隔五座的大哥起身换到了过道的另一端，远端，靠墙。我不打算忍，转头吼她，看电影不要讲话，大姐回吼，说话怎么了。远处大哥声援“看电影不要讲话”，主说的大姐发出了灵魂一问，谁规定的看电影不能说话？</p><p>我楞了5秒钟，是啊，无法可依，也没人执法，好像规则和公序良俗都打败不了魔法。那么好吧，就用魔法打败魔法吧。于是我站了起来，跟大姐说，好像也没有规定不让站着看电影。然后大姐毫无愧色地攻击我没素质，并威胁:有本事你就站着看完。</p><p>我还真有本事。她不知道老子是练艾扬格瑜伽的，山式站立肯定没听说过，站着不费腰，就当练功了。全程2个半小时，该吃吃该喝喝不耽误，瑜伽中的站立体式轮番操练，沙丘也挺好看，站着看巨幕电影原来效果这么好。</p><p>大姐是个又狠又怂的主儿，全程不换座位跟我耗，但是不敢说话了，只敢咳嗽和咕哝，旁边的大姐也不敢回应她了。她如果敢继续说话，我准备了更暗黑的魔法——去她身后的座位，脱了鞋把脚丫子放她头上的座椅上。</p><p>我知道她能看见电影，屏幕太大了，不影响她了解剧情。但是，我也知道，她视线中的巨幕，有一个伫立的黑影，压制了她2个半小时。</p><p>观影结束，我背好包，对她说出了一句酝酿已久的话:“我用这两个半小时给你留下阴影，让你在余生中每次看电影时，都不要忘了自己是个臭傻逼”。</p><p>大姐回骂:“买了票站了两个小时，你才是傻逼”。但是边骂边往外走，让我没有了机会，施展攻击性更强的魔法。毕竟，把后背对着我，我个大男人，也不至于追着人施法。</p><p>正失落之际，同排声援过的大哥靠了过来，表示了对我毅力的钦佩，并提出请我喝咖啡。我欣然接受，和大哥聊天中，得知了他是台湾台南人，南京出差途中，也是科幻迷，我们感慨了一会儿现在的生意难做，也聊了一会儿沙丘的原著，大哥表示回台湾要让老婆练瑜伽。</p><p>分开后，我给大哥发微信:“向那些欺负我们的人说不，通常的代价是被冷眼旁观。但今天的这杯咖啡，让我遇到了那些需要彼此守护的人群中的一个同伴，很温暖，谢谢。”</p><p>以上，就是我生平头一次，站着把一部电影看完的经历。</p>\r\n      </div>\r\n      \r\n\r\n\r\n    </div>', 4, '2024-07-26 14:29:58', '长评');
INSERT INTO `comment` (`id`, `film_id`, `score`, `comment`, `user_id`, `time`, `type`) VALUES (13, 4, 3, '非常偷懒的一部作品，剧情各种似曾相识。很多观众会觉得剧情水或者松散，那是因为，这完全是把一堆短片的剧情，硬拼成了一部长片，其实去掉其中几个故事，整部影片的剧情也不会有太大的影响。', 1, '2024-07-26 14:33:21', '短评');
INSERT INTO `comment` (`id`, `film_id`, `score`, `comment`, `user_id`, `time`, `type`) VALUES (14, 4, 3, '完全没意识到国内还没上映 剧情很烂...相比之下还是更喜欢同系列的小黄人大眼萌 纯纯爆米花 剧情可以给两星剩下一星给和我一起看的朋友们anna和camilia虽然不想承认可能是我们最后一次一起看电影但是今晚真的很开心 lucy的人设都崩了 我还是不想承认我长大了 下周看头脑特工队2', 2, '2024-07-26 14:33:31', '短评');
INSERT INTO `comment` (`id`, `film_id`, `score`, `comment`, `user_id`, `time`, `type`) VALUES (15, 4, 2, '非常一般吧，情节清汤寡水的约等于无。第一次看小黄人被他们叽叽喳喳的快被吵爆', 3, '2024-07-26 14:33:39', '短评');
INSERT INTO `comment` (`id`, `film_id`, `score`, `comment`, `user_id`, `time`, `type`) VALUES (16, 4, 3, '<div id=\"link-report-16053414\">\r\n      <div class=\"review-content clearfix\" data-author=\"scientists\" data-url=\"https://movie.douban.com/review/16053414/\" data-original=\"1\">\r\n        <p data-align=\"left\">  《神偷奶爸4》的英文名叫做《Despicadle Me》直译就是卑鄙的我。这个系列拍到现在和英文名已经没啥关系了，反而中文名越来越贴切了。     </p><p data-align=\"left\">      格鲁这个角色，也算是动画领域里非常独特的存在，他高冷孤僻，外冷内柔，以作恶为人生目标，但内心充满对爱的渴望。他的形象让人想起契诃夫小说《套子里的人》里那个别里科夫。这个人物和影片的可爱小女孩形成的张力是这个系列的核心魅力。   </p><p data-align=\"left\">      然而到渐渐的格鲁的人设已经完全崩塌，他外表与内心的张力没有了，完全变成了一个温柔的中年大叔，因此影片的魅力也随之消失。   </p><p data-align=\"left\">        主要原因，我认为主创们彻底迷失在了小黄人带来的商业利益里。由于从第一部开始小黄人的形象爆火，因此他们不在去理会格鲁的人设以及故事的质量。他们开始疯狂的增加小黄人的镜头，甚至可以和剧情毫无关系。比如现在上映的第四部，小黄人版超英联盟那条线，就真的和剧情没有关系。没有他们格鲁也已经战胜了反派。    </p><p data-align=\"left\">       剩下的主线故事就已经不值一提了。格鲁明明可以很轻松的战胜反派，反派逃狱之后格鲁一家为什么要躲起来？答案只有一个，就是要铺垫格鲁这个奶爸带孩子的搞笑的桥段。  剩下还有反派人物交代潦草，最后决战不堪一击，新增加的邻家女孩虚张声势，实则人物毫无魅力，等等等等。   </p><p data-align=\"left\">      我只能说，这样的剧本也拿出来骗钱，实在是对观众的侮辱！  </p>\r\n      </div>\r\n      \r\n\r\n\r\n        <div class=\"copyright\">\r\n          © 本文版权归作者&nbsp;          <a href=\"https://www.douban.com/people/1133201/\">scientists</a>          &nbsp;所有，任何形式转载请联系作者。\r\n        </div>\r\n    </div>', 4, '2024-07-26 14:33:39', '长评');
INSERT INTO `comment` (`id`, `film_id`, `score`, `comment`, `user_id`, `time`, `type`) VALUES (17, 3, 5, '太好看了！太好看了！太好看了！一句台词也没有！我感动的泪流满面。一直焦急等待着他们重逢没想到真的见面的时候选择了避而不见 一起不在同一个地方跳舞的时刻眼泪哗哗的流。一段关系的结束一段关系的开始我心中始终会给你留个位置，纯粹版换乘恋爱。再遇见新人时机器人已经懂得了牵手不能太用力，小狗也懂得了机器人进水会坏掉。上一段做错的在新的人身上不会再重复。好会拍啊好喜欢 不用语言的陪伴 不在身边的想念 重逢之后的放下 呜呜呜呜呜呜呜。 还有很多很有意思的桥段，雪人用头打保龄球，雪人喝饮料会变色，章鱼打鼓，机器人教小鸟飞翔，好喜欢这样的动画，心软的一塌糊涂。', 1, '2024-07-26 15:33:31', '短评');
INSERT INTO `comment` (`id`, `film_id`, `score`, `comment`, `user_id`, `time`, `type`) VALUES (18, 3, 5, '虽然结局看起来大家都开始好了起来，但狗狗的幸福是自己可以主动得到的，而机器人的幸福却是靠着无尽等待，甚至支离破碎之后偶然获得的，这两者之间是绝对不一样的。', 2, '2024-07-26 15:33:38', '短评');
INSERT INTO `comment` (`id`, `film_id`, `score`, `comment`, `user_id`, `time`, `type`) VALUES (19, 3, 5, '相聚离散都有时候，不会再问小狗为什么不能更努力一点早早带走机器人，我们多多少少都已经领略过命运的斥力，默契情谊真实发生过，也总会有新际遇补位。看了会难过或豁然都太正常了，配乐很出色。', 3, '2024-07-26 15:33:48', '短评');
INSERT INTO `comment` (`id`, `film_id`, `score`, `comment`, `user_id`, `time`, `type`) VALUES (20, 3, 5, '<div id=\"link-report-15812171\">\r\n      <div class=\"review-content clearfix\" data-author=\"白羊先生\" data-url=\"https://movie.douban.com/review/15812171/\" data-original=\"1\">\r\n        <p data-page=\"0\"> </p><p data-page=\"0\">北京时间2024年3月11日，第96届奥斯卡金像奖颁奖典礼在美国洛杉矶举行。在颁奖典礼上，日本动画大师宫崎骏执导的电影《你想活出怎样的人生》获得了最佳动画长片奖项，这也是继2003年凭借《千与千寻》获得奥斯卡最佳动画长片奖后，宫崎骏第二次获此殊荣。</p><p data-page=\"0\">不过今天我要跟大家聊的并不是这部电影，而是和它一起入围了本届奥斯卡最佳动画长片的西班牙电影，《机器人之梦》（又名《再见，机器人》。</p><div class=\"image-container image-float-center\"><div class=\"image-wrapper\"><img height=\"auto\" src=\"https://img1.doubanio.com/view/thing_review/l/public/p10376310.webp\" width=\"1080\"></div></div><p data-page=\"0\"><span style=\"font-weight: bold;\">01</span></p><p data-page=\"0\">《机器人之梦》讲述了一个单身狗的故事，没错，真正字面意义上的单身狗。影片的故事发生在上世纪80年代的纽约曼哈顿，片中的所有角色都是以人类形象出现的动物，而我们的主角就是一只孤独的狗狗。不甘寂寞的他买来了一个机器人作伴，两人在日常的相处中，感情日渐深厚，彼此之间密不可分。然而在一次海滩度假之后，机器人再也无法动弹，狗狗只能被迫离开，一年多后，两人再次相遇，但一切都已物是人非。</p><p data-page=\"0\">在看完之后，我觉得这部电影有两点非常之妙。其一，是这部电影将主要角色设定为一只狗和一个机器人，完完全全抹除了两者的性征，因此，两者之间产生的关系既可以被看作是爱情，也可以被理解为是友情。虽然我个人更多地将这个故事视为是一场爱情，但如果从友情的角度去看，也基本能说的通，给人以很大的自我解读空间。</p><div class=\"image-container image-float-center\"><div class=\"image-wrapper\"><img height=\"auto\" src=\"https://img2.doubanio.com/view/thing_review/l/public/p10376311.webp\" width=\"1080\"></div></div><p data-page=\"0\">其二，便是这部电影全片没有一句台词，我们都知道语言是情感的载体，是人们表达内心的最直接方式，而这部电影却为我们上演了一出新世纪的彩色默片，用角色的表情和动作给我们更加直接的情感传达。同时，相较于爱情片经常会出现在结尾的台词上的说教与总结，在这部电影中被隐去的语言，也让它在结尾时多了一层令人无法言说的感慨，只能在心底里久久回味。</p><p data-page=\"0\"><span style=\"font-weight: bold;\">02</span></p><p data-page=\"0\">我们在日常生活中，都曾经见过或听说过一些爱而不得的故事。明明是十分相爱的两个人，但却由于误会、不珍惜、生活所迫等原因不得不分手，各自拥有了另一段生活，最终也没能回到一起。</p><p data-page=\"0\">在面对这些故事的时候，我们往往只是会感叹命运无常、造化弄人，很少有人去了解身处故事之中的当事人在心境上遭遇了多大的变化，而这部电影，却通过一狗一机器人的视角，让我们有机会能够带入其中，去体会一段关系被迫终止时，那些无言的心碎与不舍。</p><div class=\"image-container image-float-center\"><div class=\"image-wrapper\"><img height=\"auto\" src=\"https://img3.doubanio.com/view/thing_review/l/public/p10376312.webp\" width=\"1080\"></div></div><p data-page=\"0\">在两人被迫分别之后，机器人先后做了三场梦，而这三场梦似乎也是代表了被迫分手后，人心态的变化阶段。</p><p data-page=\"0\">在第一场梦里，机器人梦见自己挣脱了海滩，找到了狗狗的家门，就在敲响房门的那一刻，梦匆匆醒来。我认为，这场梦代表着迷茫，在跟相爱的人突然分别后，最首先的感情便是迷茫和怀疑，怀疑这一切只是一场梦，只是自己或对方不小心走丢了，只要自己找到对方，这段感情便能够继续。</p><div class=\"image-container image-float-center\"><div class=\"image-wrapper\"><img height=\"auto\" src=\"https://img3.doubanio.com/view/thing_review/l/public/p10376313.webp\" width=\"1080\"></div></div><p data-page=\"0\">在第二场梦里，机器人梦见一个跟自己一模一样的机器人替代了自己曾经的位置，机器人短短几个表情就展现出了从震惊到难以置信再到心碎的情感变化。我认为，这场梦代表着惊恐，在一段时间的等待之后，发现对方真的是不想回来找自己，于是便会震惊、恐惧和心碎，震惊于曾经以为永远不会破裂的关系走向了尽头，恐惧于另一个“更新、更好”的存在将自己替代，心碎于自己还在苦苦等待与寻觅，对方却早已将自己抛于脑后。</p><p data-page=\"0\">而在第三场梦里，机器人梦见的，却是自己走进了绿野仙踪的梦幻世界中，一切都是那么美好，自己跟随着梦幻的花朵尽情起舞，只是到最后，花朵们的舞蹈还是会组成狗狗的形象。伴着美好的舞蹈，它再一次来到狗狗的家门前，但却最终面对的是整个大楼的倒塌。我认为，这场梦代表着接受结果后的失落。</p><p data-page=\"0\">一切都已尘埃落定，虽然还是会在梦中梦到对方，虽然还是会在梦中回到那些温存的时刻，但一切终究只是昨日幻影，美好的阳光与音乐只是会在梦里带来一丝慰藉，当梦醒来，现实依旧冰冷。</p><div class=\"image-container image-float-center\"><div class=\"image-wrapper\"><img height=\"auto\" src=\"https://img9.doubanio.com/view/thing_review/l/public/p10376314.webp\" width=\"1080\"></div></div><p data-page=\"0\"><span style=\"font-weight: bold;\">03</span></p><p data-page=\"0\">而在机器人在离别中挣扎的时候，狗狗也同样经受着离别的痛苦。</p><p data-page=\"0\">在几次想返回海滩都被阻拦之后，狗狗只能继续一个人的生活，但此时的单身生活已经与以往不同，虽然生活状态一如从前，但他脑海中总也挥之不去的也是机器人的那张脸。而就在机器人做第三个梦的时候，狗狗也做了一个梦，只不过，梦里他有了一个新伙伴。</p><p data-page=\"0\">这个梦里的新伙伴，是狗狗自己创造的雪人，雪人能跟遇到的每一个人都搞好关系，而且不管喝什么饮料，饮料的颜色都能出现在雪人的脸上。我觉得，这个雪人就是狗狗内心的反向投射，生活中的他孤僻、自卑、没有安全感，不敢跟陌生人说话，家里的房门都要锁上好几道，而雪人的形象似乎就是他渴望的样子，渴望与那个过去的自己告别，成为一个理想中更好的人，而这个雪人的脸，最终还是变成了机器人的模样。</p><div class=\"image-container image-float-center\"><div class=\"image-wrapper\"><img height=\"auto\" src=\"https://img9.doubanio.com/view/thing_review/l/public/p10376315.webp\" width=\"1080\"></div></div><p data-page=\"0\">这也在暗示着，在经由了与机器人的共同生活之后，狗狗的思想已经发生了变化，和机器人在一起的日子为他灰暗的生活带来了阳光，他逐渐成为更加积极生活的人。而美好的爱情其实也是如此，并不是说离开你我一秒钟也活不下去，而是因为你，我成为了更好的自己。</p><p data-page=\"0\"><span style=\"font-weight: bold;\">04</span></p><p data-page=\"0\">虽然这部电影的名字是“梦”，但“梦”不会一直做下去，而这部影片，也为我们展示了梦醒之后，应该如何带着曾经那些美好的记忆，去更好地生活。</p><p data-page=\"0\">机器人在梦醒之后，迎来了一个小鸟妈妈，他看着这只小鸟诞下新的生命，而面对这新的生命，尤其是那只颜色不同的小鸟，机器人也像狗狗当初照顾和指导自己如何生活一样，细心的照顾着这个小生命。而在自己找到新的伙伴之后，他也会记着当初无意间握疼了狗狗的手，从而更加温柔地握住新伙伴的手。</p><div class=\"image-container image-float-center\"><div class=\"image-wrapper\"><img height=\"auto\" src=\"https://img9.doubanio.com/view/thing_review/l/public/p10376316.webp\" width=\"1080\"></div></div><p data-page=\"0\">而狗狗在苦寻不到机器人之后，也没有垂头丧气重新缩回内心的壳里，而是带着对机器人的美好回忆，继续好好生活，当他遇到一个新的让他心动的机器人时，他也会记得仔细给机器人上好油和避免他碰到海水。</p><div class=\"image-container image-float-center\"><div class=\"image-wrapper\"><img height=\"auto\" src=\"https://img3.doubanio.com/view/thing_review/l/public/p10376317.webp\" width=\"1080\"></div></div><p data-page=\"0\">最后，当熟悉的歌声响起，他们依旧会不自觉地跳起舞，也依旧会想起对方的样子，但他们都知道，这已经是过去的一场美梦，他们感谢对方曾经出现在彼此的生命之中，让自己学会了如何更好地爱自己、爱别人，他们会带着这份爱好好地活下去，去过各自更加精彩的人生。</p><p data-page=\"0\">在看到结尾时，我突然想起了在《她》那部电影中，西奥多在跟人工智能萨曼莎永别时的对话：</p><p data-page=\"0\"><span style=\"font-weight: bold;\">“我从没像爱你一样爱过别人。”</span></p><p data-page=\"0\"><span style=\"font-weight: bold;\">“我也是，现在我们都明白该如何去爱了。”</span></p><div class=\"image-container image-float-center\"><div class=\"image-wrapper\"><img height=\"auto\" src=\"https://img1.doubanio.com/view/thing_review/l/public/p10376318.webp\" width=\"1080\"></div></div><p></p>\r\n      </div>\r\n      \r\n\r\n\r\n        <div class=\"copyright\">\r\n          © 本文版权归作者&nbsp;          <a href=\"https://www.douban.com/people/152046338/\">白羊先生</a>          &nbsp;所有，任何形式转载请联系作者。\r\n        </div>\r\n    </div>', 4, '2024-07-26 15:33:48', '长评');
INSERT INTO `comment` (`id`, `film_id`, `score`, `comment`, `user_id`, `time`, `type`) VALUES (21, 3, 5, '<div id=\"link-report-15786595\">\r\n      <div class=\"review-content clearfix\" data-author=\"waking王小心\" data-url=\"https://movie.douban.com/review/15786595/\" data-original=\"1\">\r\n        <p data-align=\"left\">那时候，双子塔还没有倒下，普通人还可以随意去海滩度过炎炎夏日，街道的角落还够安全，还有黑人小伙在用双卡录音机放音乐跳街舞。</p><p data-align=\"left\">那时候的纽约，不是今天的纽约。</p><p data-align=\"left\">那个世界里，狗就叫“狗”，自己住一间公寓；鸡和猫一起住，狗还可以和鸭子谈恋爱，对面的邻居是大象。也不是没有坏人，雪场上撞人的穿山甲就是，但大部分是好人，比如单亲母亲鸽子。</p><p data-align=\"left\">那时候的那个世界里，机器人不是芯片做的，也没有sora和gpt，机器人是机械的机器人，用集成电路板和拨片开关连起来。孤单的狗给自己邮购了一个机器人，他们成了好朋友，形影不离。可是有一天，机器人坏在了纽约的海滩上，时也命也，两个人未能再重逢。</p><p data-align=\"left\">这听起来就像一个动物版的《过往人生》，导演巴勃罗·贝格尔在影片后的观众见面会上说，这也是我献给纽约的一封情书。他年轻时在NYU就读，那是个比Friends还早的纽约，现在想起来，恍如隔世，一切回忆都只剩下美好和乡愁。</p><div class=\"image-container image-float-center\"><div class=\"image-wrapper\"><img height=\"auto\" src=\"https://img3.doubanio.com/view/thing_review/l/public/p10316932.webp\" width=\"2276\"></div></div><p data-align=\"left\">巴勃罗说，他一直喜欢漫画和graphic novel，却从来没拍过动画电影。他第一次读这本书和第二次之间隔了好多年，第二次读，泪流满面。他问自己，为什么第二次会哭？第一次和第二次之前经历了什么？他回想起来，原来是经历的失去。他失去了父母，朋友杀了朋友……人生原来是在不断地失去。狗失去了机器人，他们爱彼此，却再也没有重逢。</p><p data-align=\"left\">狗定购了新的机器人，他们也成了好朋友；机器人被四分五裂却被善良的公寓管理员捡到，修复成了身体是双卡录音机的新型机器人；纵使他们有一天再次相逢，也回不到过去了。</p><p data-align=\"left\">但是，他们拥有同样的回忆，拥有同样的歌。机器人看着狗按下了自己的录音机，放出September，那首80年代风靡全球的歌：</p><p data-align=\"left\"><a class=\"link\" href=\"https://genius.com/4037752/Earth-wind-and-fire-september/Do-you-remember-the-twenty-first-night-of-september\" rel=\"nofollow\" target=\"_blank\">Do you remember\r\nThe twenty-first night of September?</a>\r\nLove was changin\' the minds of pretenders\r\nWhile chasin\' the clouds away\r\nOur hearts were ringin\'\r\nIn the key that our souls were singin\'\r\n<a class=\"link\" href=\"https://genius.com/10702169/Earth-wind-and-fire-september/As-we-danced-in-the-night-remember\" rel=\"nofollow\" target=\"_blank\">As we danced in the night, remember</a>\r\nHow the stars stole the night away, oh yeah</p><p data-align=\"left\">巴勃罗望着观众说，今天来的观众里有没有小孩子？我敢肯定一定会有小孩回去让父母放这首歌。</p><p data-align=\"left\">故事发生在九月到九月，是个完美的循环。九月的海滩关闭，十月万圣节，十二月滑雪堆雪人，二月鸟飞来，五月在户外烧烤，七月看独立日烟火，纽约和美国人的年景就这么简单，年复一年。</p><p data-align=\"left\">除时间线外，动画的美术设计也堪称精美。简单到不能再简单的笔触，不能再简单的姓名，一笔一画，画出了纽约的乡愁。单身公寓，黑白的厨房地面，暖和的大床，镜头直对着淋浴的喷头，淋下的水冲走了忧愁；窗台上的皑皑大雪，雪场的索道，明亮的烟火。</p><p data-align=\"left\">对了，一句台词都没有。我爱没有台词的电影。这让我觉得，这个世界上的废话是那么多，说废话的人是那么多。巴勃罗说，电影多好，孩子们，是不是比手机的小屏幕好多了，他说。电影票就像一张廉价的时间机器的门票，两个小时，带你去过去的任何一个世界。</p><p data-align=\"left\">他说，我在创作的时候，想到的是我的父母。我也想起了我的童年，想起了那些在成长过程中一一丢失的朋友。我们不再拥有彼此，但我们拥有同一首歌的时间。在那些音乐响起的时候，我们在不同的时间和空间中共舞，正如狗和机器人一样。</p><p data-align=\"left\">回去的时候，女儿坐在副驾驶座上，我们一起听完了一首September。</p><div class=\"image-container image-float-center\"><div class=\"image-wrapper\"><img height=\"auto\" src=\"https://img3.doubanio.com/view/thing_review/l/public/p10316933.webp\" width=\"1280\"></div></div><div class=\"image-container image-float-center\"><div class=\"image-wrapper\"><img height=\"auto\" src=\"https://img1.doubanio.com/view/thing_review/l/public/p10442959.webp\" width=\"1005\"></div></div>\r\n      </div>\r\n      \r\n\r\n\r\n        <div class=\"copyright\">\r\n          © 本文版权归作者&nbsp;          <a href=\"https://www.douban.com/people/waking/\">waking王小心</a>          &nbsp;所有，任何形式转载请联系作者。\r\n        </div>\r\n    </div>', 1, '2024-07-26 15:33:48', '长评');
INSERT INTO `comment` (`id`, `film_id`, `score`, `comment`, `user_id`, `time`, `type`) VALUES (22, 2, 5, '看网上说，Anxiety发现自己好像在伤害你的时候，会内疚到掉眼泪。所有的情绪，本质都是爱你，希望一起努力帮你成为真正的你自己。', 1, '2024-07-26 15:50:12', '短评');
INSERT INTO `comment` (`id`, `film_id`, `score`, `comment`, `user_id`, `time`, `type`) VALUES (23, 2, 5, '过度的具象化损伤了人格的复杂性，人类几乎每个决策都不只受单一的情绪推动。 上一作中可以忽略这点，可能一方面因为莱莉还是小孩，另一方面其实重心一直放在头脑世界的打造上，乐乐和忧忧沿途经历的冒险放在皮克斯的作品序列也是想象力巅峰级别的。而本作其实只出现了两三个新场景，监狱，头脑风暴，地下的信念之河，其它的一切都是在上作遗产基础上进行的改造，例如几座乐园和陈列记忆的展架。何况哪怕是几个新场景也完全没有新意可言。 好在主题同样放在了“接受自我的复杂”，最后时刻依然触达了一些动人之处。 只是不管怎么说都太简单了，剧作太简单，矛盾太简单，和解太简单，成长太简单，莱莉整个形象都太简单。 这群美国人可能永远也没法想象我花了多少功夫才对自己说出一句“我是个很好的人”。', 2, '2024-07-26 15:54:32', '短评');
INSERT INTO `comment` (`id`, `film_id`, `score`, `comment`, `user_id`, `time`, `type`) VALUES (24, 2, 5, '故事很短，新角色除了焦虑其他基本打酱油，乐乐的多面性也没有展开，取而代之的是更多的冒险元素。结尾似乎想表达自我选择和接纳，但看起来和一代结尾没有什么本质不同，乐乐作为主导者的地位依旧不可撼动。如果真的要突出焦虑的重要性，应该有更好的设计。不过设定和立意依旧不俗，一代的idea一出来就感觉是个可以无限挖掘的IP。这代可能以扩充情绪种类为主，希望未来能看到一些不同情绪的实质性配合。', 3, '2024-07-26 15:54:41', '短评');
INSERT INTO `comment` (`id`, `film_id`, `score`, `comment`, `user_id`, `time`, `type`) VALUES (25, 2, 5, '<div id=\"link-report-16009774\">\r\n      <div class=\"review-content clearfix\" data-author=\"喜儿喂鸭正经地\" data-url=\"https://movie.douban.com/review/16009774/\" data-original=\"1\">\r\n        <p data-page=\"0\"> 我的焦焦应该很少和它的伙伴们轮班。</p><p data-page=\"0\">我第一次发现自己身体放松不下来，是在和理疗师会诊的时候。当时我的颈椎出现问题，左胳膊已经疼得举不起来了。理疗师捏着我的脖子说：你的脖子真紧。她说完这句话以后我才真正意识到我的脖子有着异常的紧绷感，由于这种焦虑紧绷的状态在此之前已经与我常伴了太长时间，导致我一直以为脖子的感觉本来就应该是这样的。</p><p data-page=\"0\">理疗师不停地说：你的肩颈太紧张了，要放松下来。他越是鼓励我放松，我就越焦虑、身体就越是紧张，脖子和肩已经完全失去了大脑的控制，而大脑又破罐破摔开始胡思乱想，我想到妈妈常对我说的一句话：把背挺起来。</p><p data-page=\"0\">一般她这样说的时候，还会伸出一双手，把我内扣的肩膀往外掰直，把我前倾的脖子归位到与身体垂直的地方。</p><p data-page=\"0\">如果我放松肩颈，那我就会驼背；但如果我驼背，长期以往就会加重我的仪态和颈椎问题。此时此刻我的脖子和肩膀都处于一个尴尬的位置，向前缩就是放松且堕落的人生，向后挺就是健康且优雅的康庄大道。我好想对理疗师说：我的肩颈这辈子都没有放松过，放松是什么感觉？我不知道。</p><p data-page=\"0\">《头脑特工队2》延续了第一部里的故事，主要讲了女主角莱莉在成长过程中学会了多元情绪的处理方式以后，又面临了青春期的到来。她的情绪变得更复杂、更热烈、甚至经常会失控。自我认可的自信心从最高点一下子坠入到了最低点。一方面心底里还是一个喜欢看幼教动画的小孩，一方面又憧憬挑染头发的学姐，把自己伪装成和学姐一样酷。焦虑和自卑占据了生活的全部，焦虑自己不够优秀不能被老师赏识、焦虑自己不够酷融不进小圈子、焦虑自己能力有限，连兴趣爱好都做不好。</p><p data-page=\"0\">这样的青春期谁没有经历过呢？看到莱莉下巴长出第一颗青春痘，回想到了我的青春期：青春痘在脸上种下了一片花海，朋友说她如果失明了，只要把每个人的额头都摸一遍，就能辨认出那个士力架般崎岖不平的手感一定是我的额头。而我的肩颈第一次擅自离岗也是青春期的时候。作为班上为数不多提早发育的女生，我穿衣服就像麦当娜在演唱会上穿尖锥胸罩。我觉得怪异、害怕被别人嘲笑，为了把那两个尴尬的尖锥藏起来，不知道什么时候开始下意识地含胸，前倾出去的脖子从此就再也没有收回来过——和莱莉一样，我的焦焦、尬尬、厌厌、慕慕也是伴随青春期到来的。</p><div class=\"image-container image-float-center\"><div class=\"image-wrapper\"><img height=\"auto\" src=\"https://img9.doubanio.com/view/thing_review/l/public/p10895304.webp\" style=\"background-color: #e0c8c0\" width=\"2554\"></div><div class=\"image-caption-wrapper\"><div class=\"image-caption\">下巴和脸颊上青春痘的细节</div></div></div><p data-page=\"0\">我猜它们的控制台一定被设计在一个和我脖子一样前倾的眺台上，从眺台往下望去，是漂浮着青春期尴尬回忆的长河。</p><p data-page=\"0\">可惜我们大多数人的青春期比莱莉的还要辛苦，不知不觉就被设计成了焦虑的宿主。美国小孩还在开学前夕焦虑自己能不能融入酷女孩圈子的时候，我们从小学一年级就开始焦虑九年以后能不能考上985和211了。这种焦虑在每周的周测验中被一次一次地刷新，厌厌甚至还没来得及在触控板上点几下，焦焦就又掌控了控制台的手柄。焦虑让我们伏在书桌前，日日夜夜地写题，脖子时时刻刻朝着未来的不明方向前倾。长大以后，书桌换成了办公桌，作业换成了电脑屏幕，脖子还是一如既往地前倾在屏幕面前。国外有很多人喜欢科普如何分辨亚洲人，其实根本不用从妆容穿搭发型和身高入手，那些脖子最前倾的通常都是我们。</p><p data-page=\"0\">这部电影太写实：你在焦虑的时候，好像七情六欲都不能出现，连哭都是一种错。在焦虑占据上风的时候，只能条件反射地把自己的七情六欲隐藏起来，唯独赶不走忧忧，它的小手轻触控制台就是想哭的时候，但很快又被焦虑夺走控制权。越是焦虑，就越是忙得团团转，时而彻底躺倒在沙发上摆烂不干，两者在大脑中一唱一和。还记得胡适日记吗？7月4号还在焦虑中激励自己要下苦功、读莎士比亚的书。连着打了三天牌，随即又焦焦上身，在日记里狠骂自己堕落，隔了一天又开始打牌。这种玩乐甚至都不会真的体验到快乐，像书桌上摆着空白的暑假作业过了两个月的暑假，每一天都带着忧虑度过。</p><p data-page=\"0\">这也是我：时而焦、时而厌，焦虑的时候赶紧卷一下、没过多久就又躺下摆烂了。像一台摩托罗拉翻盖手机做仰卧起坐。</p><p data-page=\"0\">焦虑太久，甚至忘了自己当孩子的时候曾经拥有过纯粹的快乐。乐乐在电影里面委屈地说：我懂了，长大就是越来越不需要快乐。一方面是快乐的阈值变高了——快乐好像在自己青春期装酷小孩的那一刻起就变得越来越难以满足，要假装自己已经舍弃了孩童时期的快乐源泉，融入大孩子的生活圈，学大人一样喝咖啡品尝生活的苦，久而久之装得连自己都忘了原本的快乐是什么感觉；另一方面是，纯粹的快乐变得过于奢侈，好好享受快乐反而会让人觉得罪恶。焦虑和快乐一起如影随形，美食带来快乐的同时会让人又想起减肥的焦虑、休假的快乐伴随着节后返工的焦虑、爱情的快乐又摆脱不了现实的焦虑。</p><p data-page=\"0\">电影里的焦焦有一块屏幕，可以投射未来可能会发生的糟糕事，而焦虑正是因为想了太多这些负面的事情，才变得越来越焦虑的。总是有人说，要关注当下，不要乱想还没有发生的事情，可也正是因为焦虑，才让我们有动力去努力生活、改变生活。</p><div class=\"image-container image-float-center\"><div class=\"image-wrapper\"><img height=\"auto\" src=\"https://img1.doubanio.com/view/thing_review/l/public/p10895328.webp\" style=\"background-color: #ecc8d8\" width=\"1578\"></div><div class=\"image-caption-wrapper\"><div class=\"image-caption\">焦焦的形象设计很妙，从外观上看起来就已经焦虑得疯到一定程度了，但又总是想做好事。作为这部片子的小反派，让人讨厌不起来</div></div></div><p data-page=\"0\">因为焦虑脖子前倾影响形象和工作效率，报了健身房练背。背练好了，脖子也不疼了，更有力气上班了。上班上多了，脖子又前倾了。周而复始，生生不息。焦虑在我的脖子上织了一条隐形围脖，大显身手卡脖子技术。</p><p data-page=\"0\">作为电影人物，莱莉始终比现实中的人要幸福得多。电影用一场冰球比赛就帮助莱莉找回了自我，而我的自我直到青春期结束、荷尔蒙分泌趋于正常、经历了更多人生起伏以后才回归到控制室。电影里多种自我的呈现，在我这里更像是我对自我个性的一种妥协、对命运放弃抵抗了——我就是这样的人了，爱怎么样就怎么样吧。</p><p data-page=\"0\">电影最后，九种情绪终于妥协，共享了控制室的使用权，莱莉在青春期后的情绪变化更加微妙和丰富起来。它意味着人在长大、有了更多自我意识以后，也变得越来越善于处理过去的那些喜怒哀乐的情绪。</p><p data-page=\"0\">可惜影片结尾的部分，莱莉脑海里那些不想被别人知道的秘密牢笼里的秘密们没有最后返场。人在直面自我以后，一个显著特征就是更加愿意接纳自己以前的羞耻之物。Pouchy或许就是这部电影主创团队里的某一个人以小时候爱看的《爱探险的朵拉》为原型创作的，谁看到Lance不会联想到自己曾经喜欢过的《最终幻想》长发男？这两处复古动漫和游戏的异次元画风设计，一出场就让整个电影院的人都笑出了声，它们也奠定了这部动画电影的受众基调：像《头脑特工队1》一样，它不仅是一部给孩子看的动画，更是一部献给已经直面自我、经历过或者正在经历焦虑的大人们看的。</p><p data-page=\"0\">这篇文章本来应该叫《被颈椎支配的一生》，我在数个月前颈椎酸痛的某个夜晚就已经把标题敲了下去。今天晚上坐在电影院里，脖子左方贴着肌肉镇定贴，自欺欺人地觉得自己颈椎感觉良好，看到焦焦在控制台前想自己掌控所有局面但又焦虑到失控，眼泪还是忍不住留下来。</p><p data-page=\"0\">我想，我脑海里的控制台前的橘色小人，它应该已经很累很累了。你的颈椎还好吗？祝你的颈椎可以慢慢不要再承担那么多的负担。</p>\r\n      </div>\r\n      \r\n\r\n\r\n        <div class=\"copyright\">\r\n          © 本文版权归作者&nbsp;          <a href=\"https://www.douban.com/people/65086870/\">喜儿喂鸭正经地</a>          &nbsp;所有，任何形式转载请联系作者。\r\n        </div>\r\n    </div>', 4, '2024-07-26 15:54:41', '长评');
INSERT INTO `comment` (`id`, `film_id`, `score`, `comment`, `user_id`, `time`, `type`) VALUES (26, 1, 4, '对照了一下真实事件。有几处小出入： 1、Sharon不酗酒，然而她确实在一个酗酒家庭中长大。她从小发誓，永远不会像父母那样成为酒鬼。她也从来没有和儿子Derec关系恶劣。 2、孩子们的妈妈Theresa，去世时只有29岁（不是35岁）。 3、Michelle接受移植手术的年纪是3岁。 不幸的是，她于2021年5月（31岁）因胃动脉瘤而去世，这部电影同月拍摄。 ——致敬凡间天使，上世纪90年代的美国也曾经很美好。', 1, '2024-07-26 15:56:33', '短评');
INSERT INTO `comment` (`id`, `film_id`, `score`, `comment`, `user_id`, `time`, `type`) VALUES (27, 1, 5, '知道是部煽情片，还是没忍住哭，导演煽情一弹接一弹，老套但有力，而且不令人反感。the whole city is rooting for a 5-year old girl, how amazing!', 2, '2024-07-26 15:56:40', '短评');
INSERT INTO `comment` (`id`, `film_id`, `score`, `comment`, `user_id`, `time`, `type`) VALUES (28, 1, 5, '大家都是寻常天使！这片最大的矛盾在于美国大部分人的财务一塌糊涂还不愿接受帮助，和在陌生人身上寻求补偿性帮助的自私利他主义者无法维系自己的亲情和友情。但这些都不是大问题啦！这种大家一起帮忙拯救生命的故事总是能让人感动，暴风雪里温暖你我他。', 3, '2024-07-26 15:56:55', '短评');
INSERT INTO `comment` (`id`, `film_id`, `score`, `comment`, `user_id`, `time`, `type`) VALUES (29, 1, 4, '<div id=\"link-report-15942398\">\r\n      <div class=\"review-content clearfix\" data-author=\"太宰\" data-url=\"https://movie.douban.com/review/15942398/\" data-original=\"1\">\r\n        <h4 data-page=\"0\">影片2024年2月上映，电影原名<span style=\"font-weight: bold;\">Ordinary Angels，译名普通天使，可以解读为两个名词普通、天使，那么谁是天使谁是普通人呢？我们换个角度</span></h4><p data-page=\"0\">电影背景根据导演描述，来自于一个生活中难以置信的真实故事，一位普通美发师单枪匹马召集整个社区，帮助一位丧偶父亲拯救他病危小女儿生命；</p><p data-page=\"0\">但我们看完电影就会发现，希拉里·斯万克饰演美发师是一个不称职母亲，她酗酒、经常性泡夜店有很多不好生活习惯，其次她极其忽略对儿子的关爱，导致儿子在一种极其不健康环境下成年，而她以酒精麻痹自己，生活一塌糊涂；</p><div class=\"image-container image-float-center\"><div class=\"image-wrapper\"><img height=\"auto\" src=\"https://img9.doubanio.com/view/thing_review/l/public/p10708566.webp\" style=\"background-color: #04080c\" width=\"1080\"></div></div><p></p><p data-page=\"0\">阿兰·里奇森饰演父亲很爱自己妻子孩子，他的爱浓厚，但他的作为不配；他固执、自私，在女儿最需要帮助的时候，他竟然想的是拒绝，幸好他母亲中和，才让事情走向好的方向；</p><div class=\"image-container image-float-center\"><div class=\"image-wrapper\"><img height=\"auto\" src=\"https://img1.doubanio.com/view/thing_review/l/public/p10708568.webp\" style=\"background-color: #141414\" width=\"1080\"></div></div><p></p><p data-page=\"0\">如果女儿因为没有及时得到帮助去世，那么结果可能就是美发师继续沉沦，儿子永远不会原谅她，家庭破裂 他也会踏上酗酒道路影响孩子成长。两个成年人的人生将在痛苦中度过；</p><p data-page=\"0\">艾米丽饰演的小女儿才是拯救两个深渊里普通人的天使；电影中她永远在笑，病危时候也没有哭，感染身边每个人；</p><div class=\"image-container image-float-center\"><div class=\"image-wrapper\"><img height=\"auto\" src=\"https://img2.doubanio.com/view/thing_review/l/public/p10708571.webp\" style=\"background-color: #0c0818\" width=\"1080\"></div></div><p></p><p data-page=\"0\">艾米丽她唤起了两个人对生活的渴望，人性中美好的一面，希拉里斯万克的善良、坚韧，阿兰里奇森的希望，社区普通人的怜悯善良；最终爆发出深处普通之中、芸芸大众闪现出光辉温暖的伟大力量；</p><p data-page=\"0\">电影节奏稳中有序，每个环节都紧扣人心，导演乔·戈恩电影语言所讲述故事极其流畅，影片的画面配乐也是在水准之上，煽情时候感觉就来了。希拉里斯万克，阿兰，艾米丽角色饰演状态也很好，让人爱让人恨；整体来说电影处于好片水准，画面色彩明亮，细节精致，演员剧情表现优秀，音乐烘托整体氛围和情感，在观影过程中跟随剧情起伏投入。</p><blockquote data-page=\"0\">总结希望大家都能在沉沦或者即将沉沦的生活中，找到自己的天使；人间是值得的</blockquote><p></p>\r\n      </div>\r\n      \r\n\r\n\r\n        <div class=\"copyright\">\r\n          © 本文版权归作者&nbsp;          <a href=\"https://www.douban.com/people/172538707/\">太宰</a>          &nbsp;所有，任何形式转载请联系作者。\r\n        </div>\r\n    </div>', 4, '2024-07-26 15:56:55', '长评');
INSERT INTO `comment` (`id`, `film_id`, `score`, `comment`, `user_id`, `time`, `type`) VALUES (30, 7, 5, '真的非常好看！', 5, '2024-07-26 16:45:45', '短评');

